{
    "alternatives": [
        "Alternative 1",
        "Alternative 2",
        "Alternative 3",
        "Alternative 4",
        "Alternative 5"
    ],
    "criteria": [
        "Criterion 1",
        "Criterion 2",
        "Criterion 3",
        "Criterion 4"
    ],
    "expert_matrices": {
        "Expert 1": {
            "Criterion 1": [
                [
                    1.0,
                    3.0,
                    0.5,
                    4.0,
                    0.3333333333333333
                ],
                [
                    0.3333333333333333,
                    1.0,
                    0.25,
                    2.0,
                    0.2
                ],
                [
                    2.0,
                    4.0,
                    1.0,
                    3.0,
                    0.5
                ],
                [
                    0.25,
                    0.5,
                    0.3333333333333333,
                    1.0,
                    0.16666666666666666
                ],
                [
                    3.0,
                    5.0,
                    2.0,
                    6.0,
                    1.0
                ]
            ],
            "Criterion 2": [
                [
                    1.0,
                    3.0,
                    0.5,
                    4.0,
                    0.3333333333333333
                ],
                [
                    0.3333333333333333,
                    1.0,
                    0.25,
                    2.0,
                    0.2
                ],
                [
                    2.0,
                    4.0,
                    1.0,
                    3.0,
                    0.5
                ],
                [
                    0.25,
                    0.5,
                    0.3333333333333333,
                    1.0,
                    0.16666666666666666
                ],
                [
                    3.0,
                    5.0,
                    2.0,
                    6.0,
                    1.0
                ]
            ],
            "Criterion 3": [
                [
                    1.0,
                    3.0,
                    0.5,
                    4.0,
                    0.3333333333333333
                ],
                [
                    0.3333333333333333,
                    1.0,
                    0.25,
                    2.0,
                    0.2
                ],
                [
                    2.0,
                    4.0,
                    1.0,
                    3.0,
                    0.5
                ],
                [
                    0.25,
                    0.5,
                    0.3333333333333333,
                    1.0,
                    0.16666666666666666
                ],
                [
                    3.0,
                    5.0,
                    2.0,
                    6.0,
                    1.0
                ]
            ],
            "Criterion 4": [
                [
                    1.0,
                    3.0,
                    0.5,
                    4.0,
                    0.3333333333333333
                ],
                [
                    0.3333333333333333,
                    1.0,
                    0.25,
                    2.0,
                    0.2
                ],
                [
                    2.0,
                    4.0,
                    1.0,
                    3.0,
                    0.5
                ],
                [
                    0.25,
                    0.5,
                    0.3333333333333333,
                    1.0,
                    0.16666666666666666
                ],
                [
                    3.0,
                    5.0,
                    2.0,
                    6.0,
                    1.0
                ]
            ]
        },
        "Expert 2": {
            "Criterion 1": [
                [
                    1.0,
                    2.0,
                    3.0,
                    0.5,
                    1.0
                ],
                [
                    0.5,
                    1.0,
                    4.0,
                    3.0,
                    2.0
                ],
                [
                    0.3333333333333333,
                    0.25,
                    1.0,
                    0.2,
                    0.16666666666666666
                ],
                [
                    2.0,
                    0.3333333333333333,
                    5.0,
                    1.0,
                    3.0
                ],
                [
                    1.0,
                    0.5,
                    6.0,
                    0.3333333333333333,
                    1.0
                ]
            ],
            "Criterion 2": [
                [
                    1.0,
                    2.0,
                    3.0,
                    0.5,
                    1.0
                ],
                [
                    0.5,
                    1.0,
                    4.0,
                    3.0,
                    2.0
                ],
                [
                    0.3333333333333333,
                    0.25,
                    1.0,
                    0.2,
                    0.16666666666666666
                ],
                [
                    2.0,
                    0.3333333333333333,
                    5.0,
                    1.0,
                    3.0
                ],
                [
                    1.0,
                    0.5,
                    6.0,
                    0.3333333333333333,
                    1.0
                ]
            ],
            "Criterion 3": [
                [
                    1.0,
                    2.0,
                    3.0,
                    0.5,
                    1.0
                ],
                [
                    0.5,
                    1.0,
                    4.0,
                    3.0,
                    2.0
                ],
                [
                    0.3333333333333333,
                    0.25,
                    1.0,
                    0.2,
                    0.16666666666666666
                ],
                [
                    2.0,
                    0.3333333333333333,
                    5.0,
                    1.0,
                    3.0
                ],
                [
                    1.0,
                    0.5,
                    6.0,
                    0.3333333333333333,
                    1.0
                ]
            ],
            "Criterion 4": [
                [
                    1.0,
                    2.0,
                    3.0,
                    0.5,
                    1.0
                ],
                [
                    0.5,
                    1.0,
                    4.0,
                    3.0,
                    2.0
                ],
                [
                    0.3333333333333333,
                    0.25,
                    1.0,
                    0.2,
                    0.16666666666666666
                ],
                [
                    2.0,
                    0.3333333333333333,
                    5.0,
                    1.0,
                    3.0
                ],
                [
                    1.0,
                    0.5,
                    6.0,
                    0.3333333333333333,
                    1.0
                ]
            ]
        },